day,bear_a,votes_a,bear_b,votes_b,pair_total,source_name,source_url
2026-09-23,132 family,171619,284 family,46449,218068,explore.org Fat Bear Week 2026 Results table,https://explore.org/fat-bear-week
2026-09-23,806 family,135510,901 family,74679,210189,explore.org Fat Bear Week 2026 Results table,https://explore.org/fat-bear-week
2026-09-23,909,155899,428 Studious,51493,207392,explore.org Fat Bear Week 2026 Results table,https://explore.org/fat-bear-week
2026-09-23,131,84145,910,98126,182271,explore.org Fat Bear Week 2026 Results table,https://explore.org/fat-bear-week
2026-09-24,694,17589,620,149449,167038,explore.org Fat Bear Week 2026 Results table,https://explore.org/fat-bear-week
2026-09-24,610 Family,20635,89 Backpack,140140,160775,explore.org Fat Bear Week 2026 Results table,https://explore.org/fat-bear-week
2026-09-24,32 Chunk,46053,164 Bucky,118731,164784,explore.org Fat Bear Week 2026 Results table,https://explore.org/fat-bear-week
2026-09-24,151 Walker,134153,903 Gully,31087,165240,explore.org Fat Bear Week 2026 Results table,https://explore.org/fat-bear-week
2026-09-25,132 Family,75035,806 Family,57600,132635,explore.org Fat Bear Week 2026 Results table,https://explore.org/fat-bear-week
2026-09-25,620,6173,89 Backpack,123416,129589,explore.org Fat Bear Week 2026 Results table,https://explore.org/fat-bear-week
2026-09-25,909,26766,910,104545,131311,explore.org Fat Bear Week 2026 Results table,https://explore.org/fat-bear-week
2026-09-25,151 Walker,45775,164 Bucky,84514,130289,explore.org Fat Bear Week 2026 Results table,https://explore.org/fat-bear-week
2026-09-28,132 Family,36428,910,110385,146813,explore.org Fat Bear Week 2026 Results table,https://explore.org/fat-bear-week
2026-09-28,89 Backpack,79945,164 Bucky,75805,155750,explore.org Fat Bear Week 2026 Results table,https://explore.org/fat-bear-week
2026-09-29,910,98253,89 Backpack,103334,201587,explore.org Fat Bear Week 2026 Results table,https://explore.org/fat-bear-week
