year,day,n_matchups,avg_pair,min_pair,max_pair,gap,gap_pct_of_max,total_missing_slots
2022,2022-10-05,2,109453,108585,110321,1736,1.57,1736
2022,2022-10-06,2,112397,108842,115952,7110,6.13,7110
2022,2022-10-07,2,93799,92674,94924,2250,2.37,2250
2022,2022-10-08,2,64966,64779,65154,375,0.58,375
2022,2022-10-09,1,68370,68370,68370,0,0,0
2022,2022-10-10,1,76794,76794,76794,0,0,0
2022,2022-10-11,1,124981,124981,124981,0,0,0
2023,2023-10-04,2,145529,139608,151450,11842,7.82,11842
2023,2023-10-05,2,141613,134439,148787,14348,9.64,14348
2023,2023-10-06,2,118194,116593,119794,3201,2.67,3201
2023,2023-10-07,2,75101,73590,76612,3022,3.94,3022
2023,2023-10-09,2,102606,101939,103274,1335,1.29,1335
2023,2023-10-10,1,131455,131455,131455,0,0,0
2024,2024-10-02,2,113724,111204,116243,5039,4.33,5039
2024,2024-10-03,2,100926,99571,102282,2711,2.65,2711
2024,2024-10-04,2,88047,86388,89706,3318,3.7,3318
2024,2024-10-05,2,50014,49401,50626,1225,2.42,1225
2024,2024-10-07,2,79072,78589,79555,966,1.21,966
2024,2024-10-08,1,101716,101716,101716,0,0,0
2025,2025-09-23,2,157628,156356,158901,2545,1.6,2545
2025,2025-09-24,2,176506,175024,177987,2963,1.66,2963
2025,2025-09-25,2,152483,150555,154411,3856,2.5,3856
2025,2025-09-26,2,127631,125724,129538,3814,2.94,3814
2025,2025-09-29,2,116283,113395,119171,5776,4.85,5776
2025,2025-09-30,1,160075,160075,160075,0,0,0
2026,2026-09-23,4,204480,182271,218068,35797,16.42,54352
2026,2026-09-24,4,164459,160775,167038,6263,3.75,10315
2026,2026-09-25,4,130956,129589,132635,3046,2.3,6716
2026,2026-09-28,2,151282,146813,155750,8937,5.74,8937
2026,2026-09-29,1,201587,201587,201587,0,0,0
