year,day,round,bear_a,votes_a,bear_b,votes_b,pair_total,margin,margin_pct_of_pair,source_name,source_url,notes
2022,2022-10-05,round_of_12,164,87697,335,22624,110321,65073,58.99,Wayback Machine snapshot of explore.org Fat Bear Week 2022,https://web.archive.org/web/20221201003358/https://www.explore.org/fat-bear-week,
2022,2022-10-05,round_of_12,747,73859,856,34726,108585,39133,36.04,Wayback Machine snapshot of explore.org Fat Bear Week 2022,https://web.archive.org/web/20221201003358/https://www.explore.org/fat-bear-week,
2022,2022-10-06,round_of_12,151 Walker,77856,854 Divot,38096,115952,39760,34.29,Wayback Machine snapshot of explore.org Fat Bear Week 2022,https://web.archive.org/web/20221201003358/https://www.explore.org/fat-bear-week,
2022,2022-10-06,round_of_12,901,73828,909's Yearling,35014,108842,38814,35.66,Wayback Machine snapshot of explore.org Fat Bear Week 2022,https://web.archive.org/web/20221201003358/https://www.explore.org/fat-bear-week,
2022,2022-10-07,quarterfinals,435 Holly,87257,164,7667,94924,79590,83.85,Wayback Machine snapshot of explore.org Fat Bear Week 2022,https://web.archive.org/web/20221201003358/https://www.explore.org/fat-bear-week,
2022,2022-10-07,quarterfinals,747,72282,32 Chunk,20392,92674,51890,55.99,Wayback Machine snapshot of explore.org Fat Bear Week 2022,https://web.archive.org/web/20221201003358/https://www.explore.org/fat-bear-week,
2022,2022-10-08,quarterfinals,128 Grazer,34488,151 Walker,30291,64779,4197,6.48,Wayback Machine snapshot of explore.org Fat Bear Week 2022,https://web.archive.org/web/20221201003358/https://www.explore.org/fat-bear-week,
2022,2022-10-08,quarterfinals,901,44080,480 Otis,21074,65154,23006,35.31,Wayback Machine snapshot of explore.org Fat Bear Week 2022,https://web.archive.org/web/20221201003358/https://www.explore.org/fat-bear-week,
2022,2022-10-09,semifinals,747,37940,435 Holly,30430,68370,7510,10.98,Wayback Machine snapshot of explore.org Fat Bear Week 2022,https://web.archive.org/web/20221201003358/https://www.explore.org/fat-bear-week,post-fraud discard; ~9000 fake Holly votes removed
2022,2022-10-10,semifinals,901,44237,128 Grazer,32557,76794,11680,15.21,Wayback Machine snapshot of explore.org Fat Bear Week 2022,https://web.archive.org/web/20221201003358/https://www.explore.org/fat-bear-week,
2022,2022-10-11,finals,747,68105,901,56876,124981,11229,8.98,Wayback Machine snapshot of explore.org Fat Bear Week 2022,https://web.archive.org/web/20221201003358/https://www.explore.org/fat-bear-week,
2023,2023-09-28,fat_bear_jr,806 Spring Cub,20557,901's Spring Cubs,6279,26836,14278,53.2,Wayback Machine snapshot of explore.org Fat Bear Week 2023,https://web.archive.org/web/20231201135955/https://www.explore.org/fat-bear-week,
2023,2023-09-28,fat_bear_jr,910 Yearling,17537,909 Junior,12119,29656,5418,18.27,Wayback Machine snapshot of explore.org Fat Bear Week 2023,https://web.archive.org/web/20231201135955/https://www.explore.org/fat-bear-week,
2023,2023-09-29,fat_bear_jr_finals,806 Spring Cub,18148,910 Yearling,10780,28928,7368,25.47,Wayback Machine snapshot of explore.org Fat Bear Week 2023,https://web.archive.org/web/20231201135955/https://www.explore.org/fat-bear-week,
2023,2023-10-04,round_of_12,806 Spring cub,129674,428,21776,151450,107898,71.24,Wayback Machine snapshot of explore.org Fat Bear Week 2023,https://web.archive.org/web/20231201135955/https://www.explore.org/fat-bear-week,
2023,2023-10-04,round_of_12,901,115392,402,24216,139608,91176,65.31,Wayback Machine snapshot of explore.org Fat Bear Week 2023,https://web.archive.org/web/20231201135955/https://www.explore.org/fat-bear-week,
2023,2023-10-05,round_of_12,128 Grazer,135885,151 Walker,12902,148787,122983,82.66,Wayback Machine snapshot of explore.org Fat Bear Week 2023,https://web.archive.org/web/20231201135955/https://www.explore.org/fat-bear-week,
2023,2023-10-05,round_of_12,164 Bucky Dent,85641,284 Electra,48798,134439,36843,27.4,Wayback Machine snapshot of explore.org Fat Bear Week 2023,https://web.archive.org/web/20231201135955/https://www.explore.org/fat-bear-week,
2023,2023-10-06,quarterfinals,32 Chunk,80676,806 Spring Cub,39118,119794,41558,34.69,Wayback Machine snapshot of explore.org Fat Bear Week 2023,https://web.archive.org/web/20231201135955/https://www.explore.org/fat-bear-week,
2023,2023-10-06,quarterfinals,901,78013,480 Otis,38580,116593,39433,33.82,Wayback Machine snapshot of explore.org Fat Bear Week 2023,https://web.archive.org/web/20231201135955/https://www.explore.org/fat-bear-week,
2023,2023-10-07,quarterfinals,128 Grazer,66687,747,9925,76612,56762,74.09,Wayback Machine snapshot of explore.org Fat Bear Week 2023,https://web.archive.org/web/20231201135955/https://www.explore.org/fat-bear-week,
2023,2023-10-07,quarterfinals,435 Holly,62441,164 Bucky,11149,73590,51292,69.7,Wayback Machine snapshot of explore.org Fat Bear Week 2023,https://web.archive.org/web/20231201135955/https://www.explore.org/fat-bear-week,
2023,2023-10-09,semifinals,128 Grazer,83342,435 Holly,18597,101939,64745,63.51,Wayback Machine snapshot of explore.org Fat Bear Week 2023,https://web.archive.org/web/20231201135955/https://www.explore.org/fat-bear-week,
2023,2023-10-09,semifinals,32 Chunk,70242,901,33032,103274,37210,36.03,Wayback Machine snapshot of explore.org Fat Bear Week 2023,https://web.archive.org/web/20231201135955/https://www.explore.org/fat-bear-week,
2023,2023-10-10,finals,128 Grazer,108321,32 Chunk,23134,131455,85187,64.8,Wayback Machine snapshot of explore.org Fat Bear Week 2023,https://web.archive.org/web/20231201135955/https://www.explore.org/fat-bear-week,
2024,2024-09-26,fat_bear_jr,128 cub,13665,910 2.5 yr old,12263,25928,1402,5.41,Wayback Machine snapshot of explore.org Fat Bear Week 2024,https://web.archive.org/web/20241031053258/https://explore.org/fat-bear-week,
2024,2024-09-26,fat_bear_jr,909jr,19193,806 yearling,7751,26944,11442,42.47,Wayback Machine snapshot of explore.org Fat Bear Week 2024,https://web.archive.org/web/20241031053258/https://explore.org/fat-bear-week,
2024,2024-09-27,fat_bear_jr_finals,909jr,13080,128 spring cub,9891,22971,3189,13.88,Wayback Machine snapshot of explore.org Fat Bear Week 2024,https://web.archive.org/web/20241031053258/https://explore.org/fat-bear-week,
2024,2024-10-02,round_of_12,903,72381,909,38823,111204,33558,30.18,Wayback Machine snapshot of explore.org Fat Bear Week 2024,https://web.archive.org/web/20241031053258/https://explore.org/fat-bear-week,
2024,2024-10-02,round_of_12,909Jr,107345,519,8898,116243,98447,84.69,Wayback Machine snapshot of explore.org Fat Bear Week 2024,https://web.archive.org/web/20241031053258/https://explore.org/fat-bear-week,
2024,2024-10-03,round_of_12,151,63025,901,36546,99571,26479,26.59,Wayback Machine snapshot of explore.org Fat Bear Week 2024,https://web.archive.org/web/20241031053258/https://explore.org/fat-bear-week,
2024,2024-10-03,round_of_12,856,92236,504,10046,102282,82190,80.36,Wayback Machine snapshot of explore.org Fat Bear Week 2024,https://web.archive.org/web/20241031053258/https://explore.org/fat-bear-week,
2024,2024-10-04,quarterfinals,128 Grazer,73018,909Jr,16688,89706,56330,62.79,Wayback Machine snapshot of explore.org Fat Bear Week 2024,https://web.archive.org/web/20241031053258/https://explore.org/fat-bear-week,
2024,2024-10-04,quarterfinals,903 Gully,46149,747,40239,86388,5910,6.84,Wayback Machine snapshot of explore.org Fat Bear Week 2024,https://web.archive.org/web/20241031053258/https://explore.org/fat-bear-week,
2024,2024-10-05,quarterfinals,151 Walker,42415,164 Bucky,6986,49401,35429,71.72,Wayback Machine snapshot of explore.org Fat Bear Week 2024,https://web.archive.org/web/20241031053258/https://explore.org/fat-bear-week,
2024,2024-10-05,quarterfinals,32 Chunk,38307,856,12319,50626,25988,51.33,Wayback Machine snapshot of explore.org Fat Bear Week 2024,https://web.archive.org/web/20241031053258/https://explore.org/fat-bear-week,
2024,2024-10-07,semifinals,128 Grazer,67764,903 Gully,11791,79555,55973,70.36,Wayback Machine snapshot of explore.org Fat Bear Week 2024,https://web.archive.org/web/20241031053258/https://explore.org/fat-bear-week,
2024,2024-10-07,semifinals,32 Chunk,52558,151 Walker,26031,78589,26527,33.75,Wayback Machine snapshot of explore.org Fat Bear Week 2024,https://web.archive.org/web/20241031053258/https://explore.org/fat-bear-week,
2024,2024-10-08,finals,128 Grazer,71248,32 Chunk,30468,101716,40780,40.09,Wayback Machine snapshot of explore.org Fat Bear Week 2024,https://web.archive.org/web/20241031053258/https://explore.org/fat-bear-week,
2025,2025-09-18,fat_bear_jr,128's Yearling,25630,803's 2.5-yr-old,6985,32615,18645,57.17,Wayback Machine snapshot of explore.org Fat Bear Week 2025,https://web.archive.org/web/20251001014537/https://explore.org/fat-bear-week,
2025,2025-09-18,fat_bear_jr,26's Female Cub,19908,26's Male Cub,10566,30474,9342,30.66,Wayback Machine snapshot of explore.org Fat Bear Week 2025,https://web.archive.org/web/20251001014537/https://explore.org/fat-bear-week,
2025,2025-09-19,fat_bear_jr_finals,128's Yearling,20793,26's Female cub,10867,31660,9926,31.35,Wayback Machine snapshot of explore.org Fat Bear Week 2025,https://web.archive.org/web/20251001014537/https://explore.org/fat-bear-week,
2025,2025-09-23,round_of_16,128's Yearling,96154,609,62747,158901,33407,21.02,Wayback Machine snapshot of explore.org Fat Bear Week 2025,https://web.archive.org/web/20251001014537/https://explore.org/fat-bear-week,
2025,2025-09-23,round_of_16,901,143426,503,12930,156356,130496,83.46,Wayback Machine snapshot of explore.org Fat Bear Week 2025,https://web.archive.org/web/20251001014537/https://explore.org/fat-bear-week,
2025,2025-09-24,round_of_16,856,119213,99,55811,175024,63402,36.22,Wayback Machine snapshot of explore.org Fat Bear Week 2025,https://web.archive.org/web/20251001014537/https://explore.org/fat-bear-week,
2025,2025-09-24,round_of_16,909,161264,26,16723,177987,144541,81.21,Wayback Machine snapshot of explore.org Fat Bear Week 2025,https://web.archive.org/web/20251001014537/https://explore.org/fat-bear-week,
2025,2025-09-25,quarterfinals,32 Chunk,108482,901,45929,154411,62553,40.51,Wayback Machine snapshot of explore.org Fat Bear Week 2025,https://web.archive.org/web/20251001014537/https://explore.org/fat-bear-week,
2025,2025-09-25,quarterfinals,602,117284,128's Yearling,33271,150555,84013,55.8,Wayback Machine snapshot of explore.org Fat Bear Week 2025,https://web.archive.org/web/20251001014537/https://explore.org/fat-bear-week,
2025,2025-09-26,quarterfinals,128 Grazer,90944,909,38594,129538,52350,40.41,Wayback Machine snapshot of explore.org Fat Bear Week 2025,https://web.archive.org/web/20251001014537/https://explore.org/fat-bear-week,
2025,2025-09-26,quarterfinals,856,101913,910,23811,125724,78102,62.12,Wayback Machine snapshot of explore.org Fat Bear Week 2025,https://web.archive.org/web/20251001014537/https://explore.org/fat-bear-week,
2025,2025-09-29,semifinals,32 Chunk,82913,602,36258,119171,46655,39.15,Wayback Machine snapshot of explore.org Fat Bear Week 2025,https://web.archive.org/web/20251001014537/https://explore.org/fat-bear-week,
2025,2025-09-29,semifinals,856,76665,128 Grazer,36730,113395,39935,35.22,Wayback Machine snapshot of explore.org Fat Bear Week 2025,https://web.archive.org/web/20251001014537/https://explore.org/fat-bear-week,
2025,2025-09-30,finals,32 Chunk,96350,856,63725,160075,32625,20.38,Wayback Machine snapshot of explore.org Fat Bear Week 2025,https://web.archive.org/web/20251001014537/https://explore.org/fat-bear-week,
2026,2026-09-23,,131,84145,910,98126,182271,13981,7.67,explore.org Fat Bear Week 2026 Results table,https://explore.org/fat-bear-week,
2026,2026-09-23,,132 family,171619,284 family,46449,218068,125170,57.4,explore.org Fat Bear Week 2026 Results table,https://explore.org/fat-bear-week,
2026,2026-09-23,,806 family,135510,901 family,74679,210189,60831,28.94,explore.org Fat Bear Week 2026 Results table,https://explore.org/fat-bear-week,
2026,2026-09-23,,909,155899,428 Studious,51493,207392,104406,50.34,explore.org Fat Bear Week 2026 Results table,https://explore.org/fat-bear-week,
2026,2026-09-24,,151 Walker,134153,903 Gully,31087,165240,103066,62.37,explore.org Fat Bear Week 2026 Results table,https://explore.org/fat-bear-week,
2026,2026-09-24,,32 Chunk,46053,164 Bucky,118731,164784,72678,44.11,explore.org Fat Bear Week 2026 Results table,https://explore.org/fat-bear-week,
2026,2026-09-24,,610 Family,20635,89 Backpack,140140,160775,119505,74.33,explore.org Fat Bear Week 2026 Results table,https://explore.org/fat-bear-week,
2026,2026-09-24,,694,17589,620,149449,167038,131860,78.94,explore.org Fat Bear Week 2026 Results table,https://explore.org/fat-bear-week,
2026,2026-09-25,,132 Family,75035,806 Family,57600,132635,17435,13.15,explore.org Fat Bear Week 2026 Results table,https://explore.org/fat-bear-week,
2026,2026-09-25,,151 Walker,45775,164 Bucky,84514,130289,38739,29.73,explore.org Fat Bear Week 2026 Results table,https://explore.org/fat-bear-week,
2026,2026-09-25,,620,6173,89 Backpack,123416,129589,117243,90.47,explore.org Fat Bear Week 2026 Results table,https://explore.org/fat-bear-week,
2026,2026-09-25,,909,26766,910,104545,131311,77779,59.23,explore.org Fat Bear Week 2026 Results table,https://explore.org/fat-bear-week,
2026,2026-09-28,,132 Family,36428,910,110385,146813,73957,50.37,explore.org Fat Bear Week 2026 Results table,https://explore.org/fat-bear-week,
2026,2026-09-28,,89 Backpack,79945,164 Bucky,75805,155750,4140,2.66,explore.org Fat Bear Week 2026 Results table,https://explore.org/fat-bear-week,
2026,2026-09-29,,910,98253,89 Backpack,103334,201587,5081,2.52,explore.org Fat Bear Week 2026 Results table,https://explore.org/fat-bear-week,
